"公众号名称","文章链接","文章配图","公众号初始id","原文链接","文章标题","朋友圈描述","公众号二维码","日期","是否原创","文章作者"
"鲜葵实习","http://mp.weixin.qq.com/s?__biz=MzA4MzYzMjI5Nw==&mid=208769770&idx=2&sn=34399f6a9fd5aa46a0ec13cf3302b217&3rd=MzA3MDU4NTYzMw==&scene=6#rd","http://img01.store.sogou.com/net/a/04/link?appid=100520031&url=http://mmbiz.qpic.cn/mmbiz/DsHEsibQSZtpkNKwX4uMJBPdT9s4xibAJeibGV6nd43NEoDjTg9IDpngvicxibiclNtQwbuhQccfaMskohsT8N2br1YQ/0?wx_fmt=jpeg","gh_138dcbdd8836","'http://zhaopin.midea.com.cn/mideaweb/hrZhaopin/index.html#rd'","校招 | 美的集团2016年校园招聘启动！","校招 | 美的集团2016年校园招聘启动！","http://mp.weixin.qq.com/mp/qrcode?scene=10000001&size=102&__biz=MzA4MzYzMjI5Nw==","2015-08-19","N","无作者"
"真才实聘","http://mp.weixin.qq.com/s?__biz=MzA5MzA0NTAxMg==&mid=207338474&idx=3&sn=5b04570795a23ea8dcdcd30627f6b398&3rd=MzA3MDU4NTYzMw==&scene=6#rd","http://img01.store.sogou.com/net/a/04/link?appid=100520031&url=http://mmbiz.qpic.cn/mmbiz/EQ35pTyOVyichtvH4VXMhtULeVxGhE1hNxOCbCtaoMOakUq8Oga9EXlQc0wibncAgyAcr3R7jibLt2YicHqU2QePAA/0?wx_fmt=jpeg","gh_8f2affeae97d","'http://www.zcspin.com/circle/32#rd'","【校招季】名企2016校招来啦","【校招季】名企2016校招来啦","http://mp.weixin.qq.com/mp/qrcode?scene=10000001&size=102&__biz=MzA5MzA0NTAxMg==","2015-08-19","N","无作者"
"华为武汉长沙校园招聘","http://mp.weixin.qq.com/s?__biz=MzA5MzA0NTAxMg==&mid=207338474&idx=3&sn=5b04570795a23ea8dcdcd30627f6b398&3rd=MzA3MDU4NTYzMw==&scene=6#rd","http://img01.store.sogou.com/net/a/04/link?appid=100520031&url=http://mmbiz.qpic.cn/mmbiz/ZnIxSfdSsgcTFh4cwribJBfyiavTKfs0iaXicL5So5WNeDvRnYP1uVG5eINYZgRqnGCLgVxdIYOTrKIZhduIkk3niaw/0?wx_fmt=jpeg","gh_8f2affeae97d","'http://www.zcspin.com/circle/32#rd'","【校招季】名企2016校招来啦","【校招季】名企2016校招来啦","http://mp.weixin.qq.com/mp/qrcode?scene=10000001&size=102&__biz=MzA5MzA0NTAxMg==","2015-08-19","N","无作者"
"宁波银行招聘","http://mp.weixin.qq.com/s?__biz=MjM5OTgyNDQwMQ==&mid=209621566&idx=1&sn=be0170550df32348b3d17248d64c8f23&3rd=MzA3MDU4NTYzMw==&scene=6#rd","http://img01.store.sogou.com/net/a/04/link?appid=100520031&url=http://mmbiz.qpic.cn/mmbiz/wqPfqQvTXK1A26nz2I0oNibibico9r7VgjGyxT4YqLZtCn7qhg9JMcBUdrWE3H0oh4mXz4bS1N2aYpkfo6BdT6ejQ/0?wx_fmt=jpeg","gh_276d97006400","''","【校招快讯】武汉长沙地区岗位介绍会时间&地点通知，速围观！","【校招快讯】武汉长沙地区岗位介绍会时间&地点通知，速围观！","http://mp.weixin.qq.com/mp/qrcode?scene=10000001&size=102&__biz=MjM5OTgyNDQwMQ==","2015-08-19","N","无作者"
"大连在校生实习大全","http://mp.weixin.qq.com/s?__biz=MjM5OTgyNDQwMQ==&mid=209621566&idx=1&sn=be0170550df32348b3d17248d64c8f23&3rd=MzA3MDU4NTYzMw==&scene=6#rd","http://img01.store.sogou.com/net/a/04/link?appid=100520031&url=http://mmbiz.qpic.cn/mmbiz/qT7nsM1oDL5ydGhKyAQctxMtKf2ia8FEJ5TUcia2KyUfI41rsgQ1XzZ3GqApVOkGSjiabvpcfiablQdMHte2rIRuhg/0?wx_fmt=jpeg","gh_276d97006400","''","【校招快讯】武汉长沙地区岗位介绍会时间&地点通知，速围观！","【校招快讯】武汉长沙地区岗位介绍会时间&地点通知，速围观！","http://mp.weixin.qq.com/mp/qrcode?scene=10000001&size=102&__biz=MjM5OTgyNDQwMQ==","2015-08-19","N","无作者"
"清华人生活圈","http://mp.weixin.qq.com/s?__biz=MjM5MjY5Mjg1NA==&mid=221235858&idx=1&sn=97ccb889af2a1ff53649a741ece06697&3rd=MzA3MDU4NTYzMw==&scene=6#rd","http://img01.store.sogou.com/net/a/04/link?appid=100520031&url=http://mmbiz.qpic.cn/mmbiz/My5tRFibbibQMoic3Y16mE3MTfbqVP0YibEtguibbvDg6Rm7ASfR9l8U8TsNMYoial3qZF0BUMNcsaicD0SDwxZkicRShw/0?wx_fmt=jpeg","gh_00b30f17f8bd","''","【校招宣讲会】今天起，你的未来你做主！","【校招宣讲会】今天起，你的未来你做主！","http://mp.weixin.qq.com/mp/qrcode?scene=10000001&size=102&__biz=MjM5MjY5Mjg1NA==","2015-08-19","N","无作者"
"广工大经贸学生会","http://mp.weixin.qq.com/s?__biz=MjM5MjY5Mjg1NA==&mid=221235858&idx=1&sn=97ccb889af2a1ff53649a741ece06697&3rd=MzA3MDU4NTYzMw==&scene=6#rd","http://img01.store.sogou.com/net/a/04/link?appid=100520031&url=http://mmbiz.qpic.cn/mmbiz/JqQH81pz2Qm78zibj54BicYs2prH8U4JR3TDOFkODoJIRoz3WzNLoo9GjJYib2UKKOicoSCDDl3CUpMxelnnrar15g/0?wx_fmt=jpeg","gh_00b30f17f8bd","''","【校招宣讲会】今天起，你的未来你做主！","【校招宣讲会】今天起，你的未来你做主！","http://mp.weixin.qq.com/mp/qrcode?scene=10000001&size=102&__biz=MjM5MjY5Mjg1NA==","2015-08-19","N","无作者"
"500强实习","http://mp.weixin.qq.com/s?__biz=MjM5NjE5ODA2MA==&mid=232796652&idx=1&sn=be383e44f7e6d6876fdccf1a126d3288&3rd=MzA3MDU4NTYzMw==&scene=6#rd","http://img01.store.sogou.com/net/a/04/link?appid=100520031&url=http://mmbiz.qpic.cn/mmbiz/M8HRgM7lsJVZEe06SQucI3dDOmzNAk2SrkrG0qZlwWPECLqFcQvrs0rpJwgMolU088GicCubd7oymYVoQ1IOYBA/0?wx_fmt=jpeg","gh_39b69f66445e","''","【校招助力】腾讯2015届各个岗位的招聘流程集合贴","【校招助力】腾讯2015届各个岗位的招聘流程集合贴","http://mp.weixin.qq.com/mp/qrcode?scene=10000001&size=102&__biz=MjM5NjE5ODA2MA==","2015-08-19","Y","大实兄"
"大商院","http://mp.weixin.qq.com/s?__biz=MjM5NjE5ODA2MA==&mid=232796652&idx=1&sn=be383e44f7e6d6876fdccf1a126d3288&3rd=MzA3MDU4NTYzMw==&scene=6#rd","http://img01.store.sogou.com/net/a/04/link?appid=100520031&url=http://mmbiz.qpic.cn/mmbiz/nQyPknqGkP8Qu10tEpdzYHywhtJGzkuaicpQMj5P5SbbdT0ZgFTiceSe4pnB8Fl5WxicEzsbYhX8QSQniaicCcBuN3w/0?wx_fmt=jpeg","gh_39b69f66445e","''","【校招助力】腾讯2015届各个岗位的招聘流程集合贴","【校招助力】腾讯2015届各个岗位的招聘流程集合贴","http://mp.weixin.qq.com/mp/qrcode?scene=10000001&size=102&__biz=MjM5NjE5ODA2MA==","2015-08-19","Y","大实兄"
"未来金融家","http://mp.weixin.qq.com/s?__biz=MzAxNTAwOTk3OQ==&mid=209186591&idx=5&sn=ce6a3b910c92589c6241f4b0aff14e01&3rd=MzA3MDU4NTYzMw==&scene=6#rd","http://img01.store.sogou.com/net/a/04/link?appid=100520031&url=http://mmbiz.qpic.cn/mmbiz/kIXPeW5W2ic6UxN4ViaPKX5VI1F1EZRmjEMbicbabfZUHa2alkFAqDictWuM6wOEu8No28uEaEAhX4iaQiags5u8fdyA/0?wx_fmt=jpeg","gh_b5125340c48d","''","【校招秘籍】如何通过高淘汰率的校招网申？","【校招秘籍】如何通过高淘汰率的校招网申？","http://mp.weixin.qq.com/mp/qrcode?scene=10000001&size=102&__biz=MzAxNTAwOTk3OQ==","2015-08-19","N","乔布简历"
"网易游戏美术招聘","http://mp.weixin.qq.com/s?__biz=MzAwMDA0MTQ4Nw==&mid=210308000&idx=1&sn=60623de4712d8a8965e9c940ba7c4bd6&3rd=MzA3MDU4NTYzMw==&scene=6#rd","http://img01.store.sogou.com/net/a/04/link?appid=100520031&url=http://mmbiz.qpic.cn/mmbiz/RWMvaKB5NPUu5h3akIU5RibiaEb6Tv2FxK0PbOCDH4jGvs4jl8bKLtRSQkbZ0gpajcRerDfb2ibnYrlHbuQbicwNUQ/0?wx_fmt=jpeg","gh_ef4cedeee2f5","''","【校招路透】测试发放时间和宣讲城市","【校招路透】测试发放时间和宣讲城市","http://mp.weixin.qq.com/mp/qrcode?scene=10000001&size=102&__biz=MzAwMDA0MTQ4Nw==","2015-08-19","N","无作者"
"乐港招聘","http://mp.weixin.qq.com/s?__biz=MzA3MDkzNjEzNw==&mid=208046463&idx=1&sn=ab1714cbcc9e0a6b799aa338d99e284a&3rd=MzA3MDU4NTYzMw==&scene=6#rd","http://img01.store.sogou.com/net/a/04/link?appid=100520031&url=http://mmbiz.qpic.cn/mmbiz/WRxNE0KWnbbMYndroJ7pEn7jc4icmb3EGMhhRBEqzjT5omCH1iaoCdVWicSGDWrjjt2jGOjqqbRziab3HL47HtibqkA/0?wx_fmt=jpeg","gh_7b375cd88e06","''","【校招推荐】乐港集团2016校园招聘正式启动","【校招推荐】乐港集团2016校园招聘正式启动","http://mp.weixin.qq.com/mp/qrcode?scene=10000001&size=102&__biz=MzA3MDkzNjEzNw==","2015-08-19","N","无作者"
"西安实习吧","http://mp.weixin.qq.com/s?__biz=MzA3MDkzNjEzNw==&mid=208046463&idx=1&sn=ab1714cbcc9e0a6b799aa338d99e284a&3rd=MzA3MDU4NTYzMw==&scene=6#rd","http://img01.store.sogou.com/net/a/04/link?appid=100520031&url=http://mmbiz.qpic.cn/mmbiz/ibcse67uNalTLedk6nibuPicz6iabEM186iciahxf2a42xlHqc8jQDsXmic93KfjIbGTTMMklEnzqpwqj6OhlzJ1iarpOg/0?wx_fmt=jpeg","gh_7b375cd88e06","''","【校招推荐】乐港集团2016校园招聘正式启动","【校招推荐】乐港集团2016校园招聘正式启动","http://mp.weixin.qq.com/mp/qrcode?scene=10000001&size=102&__biz=MzA3MDkzNjEzNw==","2015-08-19","N","无作者"
"OUC就业直通车","http://mp.weixin.qq.com/s?__biz=MzAxMjM2NTE5OQ==&mid=208077714&idx=5&sn=86160e5ac62558678d1bd5c5424eab75&3rd=MzA3MDU4NTYzMw==&scene=6#rd","http://img01.store.sogou.com/net/a/04/link?appid=100520031&url=http://mmbiz.qpic.cn/mmbiz/lYz19u47mmxRc9wR7cdF9eyOmDdHKbg0JMphhhG8PLJzl808TBDficQBYvq1mcSbOushhdy9icyHfK9aviavp6Zwg/0?wx_fmt=jpeg","gh_39d95db0f042","'http://mp.weixin.qq.com/s?__biz=MjM5NzY1MDIxOQ==&mid=216284575&idx=2&sn=12cc94fa7f1c53af64c563777d6ac9a7&scene=0#rd'","校招 | 猪八戒网2016校园招聘","校招 | 猪八戒网2016校园招聘","http://mp.weixin.qq.com/mp/qrcode?scene=10000001&size=102&__biz=MzAxMjM2NTE5OQ==","2015-08-19","N","无作者"
"OUC就业直通车","http://mp.weixin.qq.com/s?__biz=MzAxMjM2NTE5OQ==&mid=208077714&idx=5&sn=86160e5ac62558678d1bd5c5424eab75&3rd=MzA3MDU4NTYzMw==&scene=6#rd","http://img01.store.sogou.com/net/a/04/link?appid=100520031&url=http://mmbiz.qpic.cn/mmbiz/lYz19u47mmxRc9wR7cdF9eyOmDdHKbg0VTDR8X2mX8jMDguTUAnKUVOOGxDzfgicUqngXreddD764pXW7WpBMyw/0?wx_fmt=jpeg","gh_39d95db0f042","'http://mp.weixin.qq.com/s?__biz=MjM5NzY1MDIxOQ==&mid=216284575&idx=2&sn=12cc94fa7f1c53af64c563777d6ac9a7&scene=0#rd'","校招 | 猪八戒网2016校园招聘","校招 | 猪八戒网2016校园招聘","http://mp.weixin.qq.com/mp/qrcode?scene=10000001&size=102&__biz=MzAxMjM2NTE5OQ==","2015-08-19","N","无作者"
"西安实习吧","http://mp.weixin.qq.com/s?__biz=MzA4ODUzNzUyNA==&mid=207871912&idx=2&sn=7ad57520fd6f7444451a2e3340ba6d40&3rd=MzA3MDU4NTYzMw==&scene=6#rd","http://img01.store.sogou.com/net/a/04/link?appid=100520031&url=http://mmbiz.qpic.cn/mmbiz/ibcse67uNalTLedk6nibuPicz6iabEM186iciaucmiaoXSj0GTIhdESV9hAe11ZpTaVI9ozNvVF1AcdicFRZRgxAlqwLpw/0?wx_fmt=jpeg","gh_0964e0d919a4","'http://www.rabbitpre.com/m/RInjVJ3N#rd'","校招|联想集团2016校园招聘全面开启！","校招|联想集团2016校园招聘全面开启！","http://mp.weixin.qq.com/mp/qrcode?scene=10000001&size=102&__biz=MzA4ODUzNzUyNA==","2015-08-19","N","无作者"
"上海实习吧","http://mp.weixin.qq.com/s?__biz=MzA4ODUzNzUyNA==&mid=207871912&idx=2&sn=7ad57520fd6f7444451a2e3340ba6d40&3rd=MzA3MDU4NTYzMw==&scene=6#rd","http://img01.store.sogou.com/net/a/04/link?appid=100520031&url=http://mmbiz.qpic.cn/mmbiz/PYbAE33LGNkwukIGxAXWpBPx7prGss7AvRkfxqxIIAkJ1cA1bHjPtib5w9icct3NicSZYo4IeFm0hcMibwlqWmn16w/0?wx_fmt=jpeg","gh_0964e0d919a4","'http://www.rabbitpre.com/m/RInjVJ3N#rd'","校招|联想集团2016校园招聘全面开启！","校招|联想集团2016校园招聘全面开启！","http://mp.weixin.qq.com/mp/qrcode?scene=10000001&size=102&__biz=MzA4ODUzNzUyNA==","2015-08-19","N","无作者"
"校园招聘","http://mp.weixin.qq.com/s?__biz=MzA4ODUzNzUyNA==&mid=207871912&idx=1&sn=9326065538f0769c8878cd671315a377&3rd=MzA3MDU4NTYzMw==&scene=6#rd","http://img01.store.sogou.com/net/a/04/link?appid=100520031&url=http://mmbiz.qpic.cn/mmbiz/N8095KdSbOXTiaiajpa1ibLh74ia5juY1p2ZVPRnicHUvCC5UvvzyPEO4zOeABO3sFkwFruswbL4pwicXVHtPjZCZ2MQ/0?wx_fmt=jpeg","gh_0964e0d919a4","'http://campus.51job.com/ti#rd'","校招|2016德州仪器(TI)校招来袭","校招|2016德州仪器(TI)校招来袭","http://mp.weixin.qq.com/mp/qrcode?scene=10000001&size=102&__biz=MzA4ODUzNzUyNA==","2015-08-19","N","无作者"
"500强实习","http://mp.weixin.qq.com/s?__biz=MzA4ODUzNzUyNA==&mid=207871912&idx=1&sn=9326065538f0769c8878cd671315a377&3rd=MzA3MDU4NTYzMw==&scene=6#rd","http://img01.store.sogou.com/net/a/04/link?appid=100520031&url=http://mmbiz.qpic.cn/mmbiz/M8HRgM7lsJVZEe06SQucI3dDOmzNAk2SA041ibxZfyeGdHxV49tibGa08o3JqJsFCKBKdAiamCibwLnLd4wITTQGxA/0?wx_fmt=jpeg","gh_0964e0d919a4","'http://campus.51job.com/ti#rd'","校招|2016德州仪器(TI)校招来袭","校招|2016德州仪器(TI)校招来袭","http://mp.weixin.qq.com/mp/qrcode?scene=10000001&size=102&__biz=MzA4ODUzNzUyNA==","2015-08-19","N","无作者"
"OUC就业直通车","http://mp.weixin.qq.com/s?__biz=MzAxMjM2NTE5OQ==&mid=208077714&idx=3&sn=5d5d9f33ec8c5f050e0c72a80ae727d6&3rd=MzA3MDU4NTYzMw==&scene=6#rd","http://img01.store.sogou.com/net/a/04/link?appid=100520031&url=http://mmbiz.qpic.cn/mmbiz/lYz19u47mmxRc9wR7cdF9eyOmDdHKbg0vnw80berCWzROmxsSKLKXyA2Dp1lnuKlQqkA3omAuNib8wATj9SmRZg/0?wx_fmt=jpeg","gh_39d95db0f042","''","校招 | 招商银行2016校园招聘","校招 | 招商银行2016校园招聘","http://mp.weixin.qq.com/mp/qrcode?scene=10000001&size=102&__biz=MzAxMjM2NTE5OQ==","2015-08-19","N","无作者"
"校园招聘","http://mp.weixin.qq.com/s?__biz=MzA5MDEwMTMxMA==&mid=214971856&idx=4&sn=645a2a2450acd9214c8c9bebcf08c0e6&3rd=MzA3MDU4NTYzMw==&scene=6#rd","http://img01.store.sogou.com/net/a/04/link?appid=100520031&url=http://mmbiz.qpic.cn/mmbiz/N8095KdSbOXTiaiajpa1ibLh74ia5juY1p2ZK15khpSzppQAVZsBFjJW5TMOCjwacdvKvdicE2axNXpWBjMC0wGKeicg/0?wx_fmt=jpeg","gh_10c1fd989854","'http://www.aiweibang.com/m/w/gh_10c1fd989854#rd'","校招季要来了！附：2016届毕业生最完整的求职时间表！","校招季要来了！附：2016届毕业生最完整的求职时间表！","http://mp.weixin.qq.com/mp/qrcode?scene=10000001&size=102&__biz=MzA5MDEwMTMxMA==","2015-08-18","N","无作者"
"倒立思维","http://mp.weixin.qq.com/s?__biz=MzIwMDExOTkzNA==&mid=211552524&idx=1&sn=745c3ff63054271a16c20a475e8cddb7&3rd=MzA3MDU4NTYzMw==&scene=6#rd","http://img01.store.sogou.com/net/a/04/link?appid=100520031&url=http://mmbiz.qpic.cn/mmbiz/SnfhebaH3iboRbGESvmExuNK8doy9l2kZQHV6DgtuXwzJOzICiaicia7M2yicuNf6LK4sXcooGlKr72YSxeFib9bnlyA/0?wx_fmt=jpeg","gh_d1696c341dd4","''","校招 | 2016年已启动校招名企汇总&时间","校招 | 2016年已启动校招名企汇总&时间","http://mp.weixin.qq.com/mp/qrcode?scene=10000001&size=102&__biz=MzIwMDExOTkzNA==","2015-08-19","N","Jack<U+00A0>Lee"
"大连求职","http://mp.weixin.qq.com/s?__biz=MzIwMDExOTkzNA==&mid=211552524&idx=1&sn=745c3ff63054271a16c20a475e8cddb7&3rd=MzA3MDU4NTYzMw==&scene=6#rd","http://img01.store.sogou.com/net/a/04/link?appid=100520031&url=http://mmbiz.qpic.cn/mmbiz/m4V3ndMDN7sqsxdIW6QK7vOlicsGmwXUQ1z8tw8Dbmzaib8YsQYCs3y14bwgw7U2e4YMcvjjvPK294nwGY3Gec1A/0?wx_fmt=jpeg","gh_d1696c341dd4","''","校招 | 2016年已启动校招名企汇总&时间","校招 | 2016年已启动校招名企汇总&时间","http://mp.weixin.qq.com/mp/qrcode?scene=10000001&size=102&__biz=MzIwMDExOTkzNA==","2015-08-19","N","Jack<U+00A0>Lee"
"牛客网","http://mp.weixin.qq.com/s?__biz=MzA5NTkzNjExOA==&mid=210694286&idx=4&sn=9fb21728701762bfc7c29d67d0b9ff98&3rd=MzA3MDU4NTYzMw==&scene=6#rd","http://img01.store.sogou.com/net/a/04/link?appid=100520031&url=http://mmbiz.qpic.cn/mmbiz/rB9usqv9BEh4icD2A5jQ2f7XpfpKB11n5SibiaDPoVv79MocREIPhVFwX0B7iavBib8ITtVkfCTDsMdTmMW3cQV2oKQ/0?wx_fmt=jpeg","gh_bc3b757a46d6","''","【2016校招速递】名企2016校招火热来袭！","【2016校招速递】名企2016校招火热来袭！","http://mp.weixin.qq.com/mp/qrcode?scene=10000001&size=102&__biz=MzA5NTkzNjExOA==","2015-08-19","N","无作者"
"牛客网","http://mp.weixin.qq.com/s?__biz=MzA5NTkzNjExOA==&mid=210694286&idx=4&sn=9fb21728701762bfc7c29d67d0b9ff98&3rd=MzA3MDU4NTYzMw==&scene=6#rd","http://img01.store.sogou.com/net/a/04/link?appid=100520031&url=http://mmbiz.qpic.cn/mmbiz/rB9usqv9BEh4icD2A5jQ2f7XpfpKB11n5K68TrxfiasmaomyKXicVIOCbaDH9TcR80vZncRvvFicLVdbjhmQLZIzicw/0?wx_fmt=jpeg","gh_bc3b757a46d6","''","【2016校招速递】名企2016校招火热来袭！","【2016校招速递】名企2016校招火热来袭！","http://mp.weixin.qq.com/mp/qrcode?scene=10000001&size=102&__biz=MzA5NTkzNjExOA==","2015-08-19","N","无作者"
"招聘兄弟会","http://mp.weixin.qq.com/s?__biz=MjM5NDYxMzk1Nw==&mid=215348044&idx=1&sn=57167f196e9080cb5ce92286c09aae81&3rd=MzA3MDU4NTYzMw==&scene=6#rd","http://img01.store.sogou.com/net/a/04/link?appid=100520031&url=http://mmbiz.qpic.cn/mmbiz/Hy7xfzjov02icCHZHXecdcECrSQpuQBGLrGsTNtDzDY9Syk4LYnfjsibD1ibkIgOGwqAM7vQHgw1UriaapaUpwb5nQ/0?wx_fmt=jpeg","gh_0dd7c9acc97f","'http://www.nowcoder.com/recommand?from=wx#rd'","去哪儿网校招开始啦||附上校招内推码","去哪儿网校招开始啦||附上校招内推码","http://mp.weixin.qq.com/mp/qrcode?scene=10000001&size=102&__biz=MjM5NDYxMzk1Nw==","2015-08-19","N","无作者"
"校园大帮会","http://mp.weixin.qq.com/s?__biz=MjM5NDYxMzk1Nw==&mid=215348044&idx=1&sn=57167f196e9080cb5ce92286c09aae81&3rd=MzA3MDU4NTYzMw==&scene=6#rd","http://img01.store.sogou.com/net/a/04/link?appid=100520031&url=http://mmbiz.qpic.cn/mmbiz/trcauibBUQ4WQr2QVYibxM8nWglibc6OzEyGlW4bReF5gcEtqXTzCwLcWvUcdeXDnPtqkibb1bGkhZ9Cib6leJI8Ybw/0?wx_fmt=jpeg","gh_0dd7c9acc97f","'http://www.nowcoder.com/recommand?from=wx#rd'","去哪儿网校招开始啦||附上校招内推码","去哪儿网校招开始啦||附上校招内推码","http://mp.weixin.qq.com/mp/qrcode?scene=10000001&size=102&__biz=MjM5NDYxMzk1Nw==","2015-08-19","N","无作者"
"Hi前辈","http://mp.weixin.qq.com/s?__biz=MjM5NDYxMzk1Nw==&mid=215348044&idx=3&sn=5119a6162451198c8fbde3f56aea847f&3rd=MzA3MDU4NTYzMw==&scene=6#rd","http://img01.store.sogou.com/net/a/04/link?appid=100520031&url=http://mmbiz.qpic.cn/mmbiz/INHe7lm5jMdyxtWqxLQcSfO6khzQ7sNh1204289RbPDcSSWyVwlIq7rLLfhIA18GIqysTHZmDX8ia3kzeJvnKXA/0?wx_fmt=jpeg","gh_0dd7c9acc97f","'http://www.gyyxol.cn/mobile/xy_zp.html#rd'","光宇游戏校招开始啦","光宇游戏校招开始啦","http://mp.weixin.qq.com/mp/qrcode?scene=10000001&size=102&__biz=MjM5NDYxMzk1Nw==","2015-08-19","N","无作者"
"银行直通车","http://mp.weixin.qq.com/s?__biz=MjM5NDYxMzk1Nw==&mid=215348044&idx=3&sn=5119a6162451198c8fbde3f56aea847f&3rd=MzA3MDU4NTYzMw==&scene=6#rd","http://img01.store.sogou.com/net/a/04/link?appid=100520031&url=http://mmbiz.qpic.cn/mmbiz/4PAKwkicKbmAvaJb3E0vScBp92djLUfytB95zibgnyms9X55eAGkBoryKTwOxiaiaMpXU2zzmPoL2XmzsvNBb3iblBQ/0?wx_fmt=jpeg","gh_0dd7c9acc97f","'http://www.gyyxol.cn/mobile/xy_zp.html#rd'","光宇游戏校招开始啦","光宇游戏校招开始啦","http://mp.weixin.qq.com/mp/qrcode?scene=10000001&size=102&__biz=MjM5NDYxMzk1Nw==","2015-08-19","N","无作者"
"华电就业","http://mp.weixin.qq.com/s?__biz=MzA5NjAzMDYyOQ==&mid=213137315&idx=2&sn=5c60f1b56161654aad87835b5480f5d2&3rd=MzA3MDU4NTYzMw==&scene=6#rd","http://img01.store.sogou.com/net/a/04/link?appid=100520031&url=http://mmbiz.qpic.cn/mmbiz/4d1qzwDBstCthHjvwQ7sKm93OdOibseZxt6SzRnkcgWRaptUgdZAWwRFCBr5rWGib2jPWjsjEY6eOy6BjqrAwOtg/0?wx_fmt=jpeg","gh_447a19efb2f0","'http://3188.la/event/template.aspx?eid=77007885#rd'","三享两益|“走进凤凰”校招主题研讨沙龙","三享两益|“走进凤凰”校招主题研讨沙龙","http://mp.weixin.qq.com/mp/qrcode?scene=10000001&size=102&__biz=MzA5NjAzMDYyOQ==","2015-08-19","N","无作者"
"徐福记招聘","http://mp.weixin.qq.com/s?__biz=MjM5MjY2MjQyNw==&mid=208810940&idx=1&sn=4e64bf4d65f390805f5ae1d0bef927b7&3rd=MzA3MDU4NTYzMw==&scene=6#rd","http://img01.store.sogou.com/net/a/04/link?appid=100520031&url=http://mmbiz.qpic.cn/mmbiz/8Q5HyH46Z8MJpmibkDMG2PFHApOiaThbyY0eVF0Z1M308KiagbKLHwolicD09WISYZ0d1x60y5XQCJEnq0NgTDD04g/0?wx_fmt=jpeg","gh_e46bc88768ff","''","徐福记2016校招主题设计大赛","徐福记2016校招主题设计大赛","http://mp.weixin.qq.com/mp/qrcode?scene=10000001&size=102&__biz=MjM5MjY2MjQyNw==","2015-08-19","N","无作者"
"小灶计划","http://mp.weixin.qq.com/s?__biz=MzIyNjAwMDc3Mg==&mid=209792528&idx=3&sn=3323774e3a67ad6b071b913704861e0e&3rd=MzA3MDU4NTYzMw==&scene=6#rd","http://img01.store.sogou.com/net/a/04/link?appid=100520031&url=http://mmbiz.qpic.cn/mmbiz/7wM4iawnTx1mPs2vyS6Rz4bG7668IgafFDWC8YX9GSGzVQUJyykkVTRCLcIzbrrslApibRRcsPK83GfaKdOCHbgA/0?wx_fmt=jpeg","gh_17355bf06e32","''","上海 | 30秒找校招&实习","上海 | 30秒找校招&实习","http://mp.weixin.qq.com/mp/qrcode?scene=10000001&size=102&__biz=MzIyNjAwMDc3Mg==","2015-08-19","N","求职加油"
"小灶计划","http://mp.weixin.qq.com/s?__biz=MzIyNjAwMDc3Mg==&mid=209792528&idx=3&sn=3323774e3a67ad6b071b913704861e0e&3rd=MzA3MDU4NTYzMw==&scene=6#rd","http://img01.store.sogou.com/net/a/04/link?appid=100520031&url=http://mmbiz.qpic.cn/mmbiz/7wM4iawnTx1mPs2vyS6Rz4bG7668IgafFggmcQlrVQAickBK0iccRo2baFQbK7fSxyZbpq6wsd72zOJkvq0QWkTSA/0?wx_fmt=jpeg","gh_17355bf06e32","''","上海 | 30秒找校招&实习","上海 | 30秒找校招&实习","http://mp.weixin.qq.com/mp/qrcode?scene=10000001&size=102&__biz=MzIyNjAwMDc3Mg==","2015-08-19","N","求职加油"
"小灶计划","http://mp.weixin.qq.com/s?__biz=MzIyNjAwMDc3Mg==&mid=209792528&idx=2&sn=98988b832983f8a61556fe271618844a&3rd=MzA3MDU4NTYzMw==&scene=6#rd","http://img01.store.sogou.com/net/a/04/link?appid=100520031&url=http://mmbiz.qpic.cn/mmbiz/7wM4iawnTx1mPs2vyS6Rz4bG7668IgafFU3eqCcZhDII34jHswbQYLJNuWA6803mdX7J6rrbtYH38ybhkrDreLg/0?wx_fmt=jpeg","gh_17355bf06e32","''","北京 | 30秒找校招&实习","北京 | 30秒找校招&实习","http://mp.weixin.qq.com/mp/qrcode?scene=10000001&size=102&__biz=MzIyNjAwMDc3Mg==","2015-08-19","N","求职加油"
"山东名企金融招聘考试","http://mp.weixin.qq.com/s?__biz=MzIyNjAwMDc3Mg==&mid=209792528&idx=2&sn=98988b832983f8a61556fe271618844a&3rd=MzA3MDU4NTYzMw==&scene=6#rd","http://img01.store.sogou.com/net/a/04/link?appid=100520031&url=http://mmbiz.qpic.cn/mmbiz/G1HUabGQL0gCseTnyRe33ZotJOiaHaMX8YTjcia2fkFdlcTIUFOtkbFiacLLqc2TlNyw98oNEZ7KpQ1u5azYAjE5A/0?wx_fmt=jpeg","gh_17355bf06e32","''","北京 | 30秒找校招&实习","北京 | 30秒找校招&实习","http://mp.weixin.qq.com/mp/qrcode?scene=10000001&size=102&__biz=MzIyNjAwMDc3Mg==","2015-08-19","N","求职加油"
"职人圈","http://mp.weixin.qq.com/s?__biz=MzIyNjAwMDc3Mg==&mid=209792528&idx=4&sn=ab31caef3fc46a61c3190ef5ca5d9d9b&3rd=MzA3MDU4NTYzMw==&scene=6#rd","http://img01.store.sogou.com/net/a/04/link?appid=100520031&url=http://mmbiz.qpic.cn/mmbiz/OZiczgRVkSV2DyZn7ia9nLn4afk1tWNk6fdZiaTqdQOOkNGp4icXzKemRhOKwFdOghYCWKbGX0cysYKZmKichuDU4icg/0?wx_fmt=jpeg","gh_17355bf06e32","''","广州 | 30秒找校招&实习","广州 | 30秒找校招&实习","http://mp.weixin.qq.com/mp/qrcode?scene=10000001&size=102&__biz=MzIyNjAwMDc3Mg==","2015-08-19","N","求职加油"
"传音招聘","http://mp.weixin.qq.com/s?__biz=MzIyNjAwMDc3Mg==&mid=209792528&idx=4&sn=ab31caef3fc46a61c3190ef5ca5d9d9b&3rd=MzA3MDU4NTYzMw==&scene=6#rd","http://img01.store.sogou.com/net/a/04/link?appid=100520031&url=http://mmbiz.qpic.cn/mmbiz/qtUtQUKdNyGtGnoicjMDVKukGgS0DAFYQpjL2k4WG6tecAraicdF0zczMULfI0e4ZLeMlcYVeaLbfzghDed5KBHw/0?wx_fmt=jpeg","gh_17355bf06e32","''","广州 | 30秒找校招&实习","广州 | 30秒找校招&实习","http://mp.weixin.qq.com/mp/qrcode?scene=10000001&size=102&__biz=MzIyNjAwMDc3Mg==","2015-08-19","N","求职加油"
"SBC职业发展中心及校友会","http://mp.weixin.qq.com/s?__biz=MjM5MDUzMzkxNw==&mid=211653814&idx=1&sn=b5119cdc0dabb4d027d11ef5bfbbdb28&3rd=MzA3MDU4NTYzMw==&scene=6#rd","http://img01.store.sogou.com/net/a/04/link?appid=100520031&url=http://mmbiz.qpic.cn/mmbiz/GxJukmuO9mzhM2XI8puKdoIqWnPdVppDbYn9mjXaTyib4Zp2ksv4967qRhTKhYd2he87lO2sHxoKHstRyfyUIEw/0?wx_fmt=jpeg","gh_022c862415fd","'http://www.jrexam.com/2015/zkxx_0704/11544.html#rd'","银行校招，英语四六级没过能报吗？！","银行校招，英语四六级没过能报吗？！","http://mp.weixin.qq.com/mp/qrcode?scene=10000001&size=102&__biz=MjM5MDUzMzkxNw==","2015-08-19","N","无作者"
"校园招聘","http://mp.weixin.qq.com/s?__biz=MjM5MDUzMzkxNw==&mid=211653814&idx=1&sn=b5119cdc0dabb4d027d11ef5bfbbdb28&3rd=MzA3MDU4NTYzMw==&scene=6#rd","http://img01.store.sogou.com/net/a/04/link?appid=100520031&url=http://mmbiz.qpic.cn/mmbiz/N8095KdSbOVUlUSMmMXLKlSaicYAEWFqlHpFGTGxDjmEZOl98fmYYcMUvNbCElibPADd8v1dRo5ruuyFpyjXB59g/0?wx_fmt=jpeg","gh_022c862415fd","'http://www.jrexam.com/2015/zkxx_0704/11544.html#rd'","银行校招，英语四六级没过能报吗？！","银行校招，英语四六级没过能报吗？！","http://mp.weixin.qq.com/mp/qrcode?scene=10000001&size=102&__biz=MjM5MDUzMzkxNw==","2015-08-19","N","无作者"
"校友邦事业网","http://mp.weixin.qq.com/s?__biz=MzA5MDU1NTE3MA==&mid=208254519&idx=1&sn=6ab2a1fe49a2a7b50951ad61de32ddb0&3rd=MzA3MDU4NTYzMw==&scene=6#rd","http://img01.store.sogou.com/net/a/04/link?appid=100520031&url=http://mmbiz.qpic.cn/mmbiz/hUSOyU5uJV69xrN3OfLyg7NhfzTjLhhiafoiaxfBgZ0KbeHchkqwITnUqxtiarE5EbXUonlRo4AwqZ1GoAJ2bW75w/0?wx_fmt=jpeg","gh_cd8097eb0d28","'http://www.zrquan.com/mobile.php?act=module&weid=3&name=zrcwap&do=article_list&sukey=fc78a68049a14bb2b092bf59fb7a93a82988ff514038873e3ee8dde53e615493e1ca0e416cdf61ea5f65b711edf491cb#rd'","2016年你绝不能错过的校招大盘点 | 校招信息","2016年你绝不能错过的校招大盘点 | 校招信息","http://mp.weixin.qq.com/mp/qrcode?scene=10000001&size=102&__biz=MzA5MDU1NTE3MA==","2015-08-19","N","职百通"
"美图秀秀招聘","http://mp.weixin.qq.com/s?__biz=MzA5OTI5NzkxNw==&mid=207501077&idx=1&sn=4886ad94f52ecad2ff2f50926b9a6ec3&3rd=MzA3MDU4NTYzMw==&scene=6#rd","http://img01.store.sogou.com/net/a/04/link?appid=100520031&url=http://mmbiz.qpic.cn/mmbiz/qcNib2bxAz8U33FX54vic1lIcx69FhicjiaHSENicNmfRLYxcy4n5vgOepqepCpYO1Or2f39CmgCljXxdWSIdrEekSA/0?wx_fmt=jpeg","gh_c5c885e481e2","'http://hr.meitu.com/school/#rd'","美图2016年校招即将引爆","美图2016年校招即将引爆","http://mp.weixin.qq.com/mp/qrcode?scene=10000001&size=102&__biz=MzA5OTI5NzkxNw==","2015-08-19","N","无作者"
"Codefollow","http://mp.weixin.qq.com/s?__biz=MzAxNzQ3MDAyNg==&mid=209825685&idx=1&sn=212fc14395a62dc3b26b6aaaaaf1cdd0&3rd=MzA3MDU4NTYzMw==&scene=6#rd","http://img01.store.sogou.com/net/a/04/link?appid=100520031&url=http://mmbiz.qpic.cn/mmbiz/RbYLdmicaTma1CejUoyiboynF85VXzzW3JWUgK2HZcUibMsOwO4Hk6C8ianKA62wdtKgwfS1icqmJ1g3q4ROiaibpetEA/0?wx_fmt=jpeg","gh_56f02ad4093d","''","关于校招 |  如何进入 BAT 的研发部门？","关于校招 |  如何进入 BAT 的研发部门？","http://mp.weixin.qq.com/mp/qrcode?scene=10000001&size=102&__biz=MzAxNzQ3MDAyNg==","2015-08-19","N","无作者"
"WinnerSpace","http://mp.weixin.qq.com/s?__biz=MzAxNzQ3MDAyNg==&mid=209825685&idx=1&sn=212fc14395a62dc3b26b6aaaaaf1cdd0&3rd=MzA3MDU4NTYzMw==&scene=6#rd","http://img01.store.sogou.com/net/a/04/link?appid=100520031&url=http://mmbiz.qpic.cn/mmbiz/XcQ2oSavaTQ0BxBOLbZK4EoQl5k9HrD3D4sathNgDRJtp11VebTVkwWfCpdGV3rJeAmEMgtgensXBDH7shfgjg/0?wx_fmt=jpeg","gh_56f02ad4093d","''","关于校招 |  如何进入 BAT 的研发部门？","关于校招 |  如何进入 BAT 的研发部门？","http://mp.weixin.qq.com/mp/qrcode?scene=10000001&size=102&__biz=MzAxNzQ3MDAyNg==","2015-08-19","N","无作者"
"英国那些事儿","http://mp.weixin.qq.com/s?__biz=MzAwNzUzMTE3NA==&mid=209425394&idx=1&sn=1fcb15e7fd976b34c18675dfbcb3b46c&3rd=MzA3MDU4NTYzMw==&scene=6#rd","http://img01.store.sogou.com/net/a/04/link?appid=100520031&url=http://mmbiz.qpic.cn/mmbiz/ur8ldomcUpoK49azRemNO94GjbcwKZUHlbMOVqO2vJ81LUFn1ibjUDto5WicjbyJszonV1NtyRNkzdxOicRPunBrQ/0?wx_fmt=jpeg","gh_3422f24cc605","''","2015互联网企业校招汇总【附Excel表格下载】","2015互联网企业校招汇总【附Excel表格下载】","http://mp.weixin.qq.com/mp/qrcode?scene=10000001&size=102&__biz=MzAwNzUzMTE3NA==","2015-08-19","N","专治职场病就在→"
"广州招聘","http://mp.weixin.qq.com/s?__biz=MzAwNzUzMTE3NA==&mid=209425394&idx=1&sn=1fcb15e7fd976b34c18675dfbcb3b46c&3rd=MzA3MDU4NTYzMw==&scene=6#rd","http://img01.store.sogou.com/net/a/04/link?appid=100520031&url=http://mmbiz.qpic.cn/mmbiz/CzrdCLG9bibn7sTqzqZFJ9r4SRGl1dmsxuXpTgiaLhMNtBTgZyjBGO16x67rYUCXXzH48WweV3087GJ0rZiagpzwQ/0?wx_fmt=jpeg","gh_3422f24cc605","''","2015互联网企业校招汇总【附Excel表格下载】","2015互联网企业校招汇总【附Excel表格下载】","http://mp.weixin.qq.com/mp/qrcode?scene=10000001&size=102&__biz=MzAwNzUzMTE3NA==","2015-08-19","N","专治职场病就在→"
"衣恋校园招聘","http://mp.weixin.qq.com/s?__biz=MjM5NjAwNzI0MA==&mid=210114346&idx=3&sn=4a6fd1a0235ac2027901800991983cff&3rd=MzA3MDU4NTYzMw==&scene=6#rd","http://img01.store.sogou.com/net/a/04/link?appid=100520031&url=http://mmbiz.qpic.cn/mmbiz/hS0NtHicn4pVwPryoAqAsqnytIOIFibKUVIWp8kH9POyZicbGibh1r0aDqq7E3ibRyd8WYDkovOMrnlGibQicFXufcauQ/0?wx_fmt=jpeg","gh_dc9a573d9cfd","'http://www.careerfrog.com.cn/jobsolution/#rd'","海归福利：德勤线上宣讲会，妈妈再也不用担心我的校招！","海归福利：德勤线上宣讲会，妈妈再也不用担心我的校招！","http://mp.weixin.qq.com/mp/qrcode?scene=10000001&size=102&__biz=MjM5NjAwNzI0MA==","2015-08-19","N","无作者"
"辽宁石油化工大学招生就业处","http://mp.weixin.qq.com/s?__biz=MjM5NjAwNzI0MA==&mid=210114346&idx=3&sn=4a6fd1a0235ac2027901800991983cff&3rd=MzA3MDU4NTYzMw==&scene=6#rd","http://img01.store.sogou.com/net/a/04/link?appid=100520031&url=http://mmbiz.qpic.cn/mmbiz/b1UR4RIUEzHv8tDNmuJlPDgSDroG6Phy7kLN6NJ2q61HHE0b2D5f3gYmZLHSX5LzkVicA45COf9RuVzf3d5ItyQ/0?wx_fmt=jpeg","gh_dc9a573d9cfd","'http://www.careerfrog.com.cn/jobsolution/#rd'","海归福利：德勤线上宣讲会，妈妈再也不用担心我的校招！","海归福利：德勤线上宣讲会，妈妈再也不用担心我的校招！","http://mp.weixin.qq.com/mp/qrcode?scene=10000001&size=102&__biz=MjM5NjAwNzI0MA==","2015-08-19","N","无作者"
"人贩子","http://mp.weixin.qq.com/s?__biz=MjM5OTc1NDg4MQ==&mid=208233784&idx=4&sn=c8eb8b8d29f29870c53c8dc83ee979b4&3rd=MzA3MDU4NTYzMw==&scene=6#rd","http://img01.store.sogou.com/net/a/04/link?appid=100520031&url=http://mmbiz.qpic.cn/mmbiz/51Lsyib64nE3zvtlGRkV7C3udCAn0dYIkP9kRMY8EO1NwmVE4ib9oSq3bibicyJUxk4e0ZhALEjiciblXdiaEek18R3nQ/0?wx_fmt=jpeg","gh_893c9980e192","''","华为2016全国校招启动","华为2016全国校招启动","http://mp.weixin.qq.com/mp/qrcode?scene=10000001&size=102&__biz=MjM5OTc1NDg4MQ==","2015-08-19","N","无作者"
"网易游戏美术招聘","http://mp.weixin.qq.com/s?__biz=MjM5OTc1NDg4MQ==&mid=208233784&idx=4&sn=c8eb8b8d29f29870c53c8dc83ee979b4&3rd=MzA3MDU4NTYzMw==&scene=6#rd","http://img01.store.sogou.com/net/a/04/link?appid=100520031&url=http://mmbiz.qpic.cn/mmbiz/RWMvaKB5NPUu5h3akIU5RibiaEb6Tv2FxKuiaZN2UeW31rPZXhgvnFng7o1nibFrGpYR4ibpSkrIDcLPphunHdXkZ2w/0?wx_fmt=jpeg","gh_893c9980e192","''","华为2016全国校招启动","华为2016全国校招启动","http://mp.weixin.qq.com/mp/qrcode?scene=10000001&size=102&__biz=MjM5OTc1NDg4MQ==","2015-08-19","N","无作者"
"实习直通车","http://mp.weixin.qq.com/s?__biz=MjM5MjYyNDY1NQ==&mid=211359607&idx=1&sn=4fe10574d0f73396e53a879c4e424299&3rd=MzA3MDU4NTYzMw==&scene=6#rd","http://img01.store.sogou.com/net/a/04/link?appid=100520031&url=http://mmbiz.qpic.cn/mmbiz/iceltGMec2offfvIJLgUl5JwDliaHibiavYCXwSuGcVX3AgTSrZFjms2zYlvOpOGmUYHtMJXWc6TGR60kWHOT3d3hA/0?wx_fmt=jpeg","gh_1c0f3c4dc3bf","''","英雄帖|衣恋校招副本任务，等你来刷","英雄帖|衣恋校招副本任务，等你来刷","http://mp.weixin.qq.com/mp/qrcode?scene=10000001&size=102&__biz=MjM5MjYyNDY1NQ==","2015-08-19","N","无作者"
"校在东北","http://mp.weixin.qq.com/s?__biz=MzA3ODcwMjEwMA==&mid=211290666&idx=3&sn=443d0c35b5c4b6acd1ae71f6c328f5dd&3rd=MzA3MDU4NTYzMw==&scene=6#rd","http://img01.store.sogou.com/net/a/04/link?appid=100520031&url=http://mmbiz.qpic.cn/mmbiz/BxnfSvaVsugiaeZibsqYQqECwiaiaic92KzFqe3nvxsyjibDziatBYfTMbLkyrztHEDtmKCmz5LG1nAZRrLhxwSJzaPZA/0?wx_fmt=jpeg","gh_afe80f57d893","''","对面的应届生看过来，2016校招的求职攻略！","对面的应届生看过来，2016校招的求职攻略！","http://mp.weixin.qq.com/mp/qrcode?scene=10000001&size=102&__biz=MzA3ODcwMjEwMA==","2015-08-19","N","智联招聘校在东北"
"吉林中公金融人","http://mp.weixin.qq.com/s?__biz=MzA5MjE5NTYwMA==&mid=208352298&idx=1&sn=61d882ad215022a89924af3945c4d100&3rd=MzA3MDU4NTYzMw==&scene=6#rd","http://img01.store.sogou.com/net/a/04/link?appid=100520031&url=http://mmbiz.qpic.cn/mmbiz/barCgzB0N4vGDWBlWqjxXzkSrTvOU7BCu66moJj85DqyQ7NzKZiazbcibkdsZ652ItbqKUOial3aL3v03SstnJKNQ/0?wx_fmt=jpeg","gh_d2010173b1bb","''","银行校招，英语四六级没过能报吗？！","银行校招，英语四六级没过能报吗？！","http://mp.weixin.qq.com/mp/qrcode?scene=10000001&size=102&__biz=MzA5MjE5NTYwMA==","2015-08-19","N","无作者"
"MajorClub","http://mp.weixin.qq.com/s?__biz=MzA5MjE5NTYwMA==&mid=208352298&idx=1&sn=61d882ad215022a89924af3945c4d100&3rd=MzA3MDU4NTYzMw==&scene=6#rd","http://img01.store.sogou.com/net/a/04/link?appid=100520031&url=http://mmbiz.qpic.cn/mmbiz/1zySyWVicNw2eoduSDLEyXUAYJMZJy0oMSzE6y4Exjdicn7fUMnmTdeVtX9wZic7mEphcHoRf5ZwGuHPHPBTyrJxA/0?wx_fmt=jpeg","gh_d2010173b1bb","''","银行校招，英语四六级没过能报吗？！","银行校招，英语四六级没过能报吗？！","http://mp.weixin.qq.com/mp/qrcode?scene=10000001&size=102&__biz=MzA5MjE5NTYwMA==","2015-08-19","N","无作者"
"汇顶招聘","http://mp.weixin.qq.com/s?__biz=MzAwMDAwNTk1OA==&mid=207696552&idx=1&sn=16bc16194bb2c45dadb84744d2fda37e&3rd=MzA3MDU4NTYzMw==&scene=6#rd","http://img01.store.sogou.com/net/a/04/link?appid=100520031&url=http://mmbiz.qpic.cn/mmbiz/YShJESiaUibeL6p2xAPnXApwUoG1MV4L6ULRqS413eiaEalr6qk1WRuoGHQzM6Fg5dueibErVA3zx2tXt5u14picCew/0?wx_fmt=jpeg","gh_5b30562e5738","","【MC讲座】百度+腾讯+阿里―互联网咖们的校招季","【MC讲座】百度+腾讯+阿里―互联网咖们的校招季","http://mp.weixin.qq.com/mp/qrcode?scene=10000001&size=102&__biz=MzAwMDAwNTk1OA==","2015-08-19","Y","MC"
"实习plus","http://mp.weixin.qq.com/s?__biz=MzAwMDAwNTk1OA==&mid=207696552&idx=1&sn=16bc16194bb2c45dadb84744d2fda37e&3rd=MzA3MDU4NTYzMw==&scene=6#rd","http://img01.store.sogou.com/net/a/04/link?appid=100520031&url=http://mmbiz.qpic.cn/mmbiz/fklAq1DazgFK947FN75pM6oaV0uql0UJ7sCwkAItrWuKl7OVaHa05vQ1oC54ibqFcicOxo1NQK0IWjeoicUIBT90A/0?wx_fmt=jpeg","gh_5b30562e5738","","【MC讲座】百度+腾讯+阿里―互联网咖们的校招季","【MC讲座】百度+腾讯+阿里―互联网咖们的校招季","http://mp.weixin.qq.com/mp/qrcode?scene=10000001&size=102&__biz=MzAwMDAwNTk1OA==","2015-08-19","Y","MC"
"武大就业","http://mp.weixin.qq.com/s?__biz=MjM5MzQ4OTE2Nw==&mid=217782009&idx=1&sn=e0869dd05f531c016478ee84d990d6ba&3rd=MzA3MDU4NTYzMw==&scene=6#rd","http://img01.store.sogou.com/net/a/04/link?appid=100520031&url=http://mmbiz.qpic.cn/mmbiz/ymlvzibKNArkc3ibNKPM95HiakJzYQgypnOsllEz81k7ywrGiaE4EOricicBYNSYcLJU6UxJRxwIVrxOwyibe7xoE4jDA/0?wx_fmt=jpeg","gh_d848557113cc","'http://goodix.hirede.com/CareerSite/CampusRecruit#rd'","汇顶科技2016校招岗位介绍 研发篇","汇顶科技2016校招岗位介绍 研发篇","http://mp.weixin.qq.com/mp/qrcode?scene=10000001&size=102&__biz=MjM5MzQ4OTE2Nw==","2015-08-19","N","无作者"
"支点在线阅读号","http://mp.weixin.qq.com/s?__biz=MjM5MzQ4OTE2Nw==&mid=217782009&idx=1&sn=e0869dd05f531c016478ee84d990d6ba&3rd=MzA3MDU4NTYzMw==&scene=6#rd","http://img01.store.sogou.com/net/a/04/link?appid=100520031&url=http://mmbiz.qpic.cn/mmbiz/3Pwb5RXDBib8S3IuXWeW9jKnIiaBhru5RctmzOYiaibVWVxr18W4VmPPzUJG0jP2Sf947Udqw7iaA3dyLttal7kZ8aA/0?wx_fmt=jpeg","gh_d848557113cc","'http://goodix.hirede.com/CareerSite/CampusRecruit#rd'","汇顶科技2016校招岗位介绍 研发篇","汇顶科技2016校招岗位介绍 研发篇","http://mp.weixin.qq.com/mp/qrcode?scene=10000001&size=102&__biz=MjM5MzQ4OTE2Nw==","2015-08-19","N","无作者"
"智联招聘广州分公司","http://mp.weixin.qq.com/s?__biz=MzA4ODU4NzgyNw==&mid=207879813&idx=3&sn=ae11d380a9c972e7d6ae78276ce90474&3rd=MzA3MDU4NTYzMw==&scene=6#rd","http://img01.store.sogou.com/net/a/04/link?appid=100520031&url=http://mmbiz.qpic.cn/mmbiz/ULJGm1srBMQ9fjHYtM93JG3uG0TQCxR8JLZV87qKYzKgDpic2OAKISLWjbjRFZXqZ1L6DCQpDxcphXNslAyiasbA/0?wx_fmt=jpeg","gh_452bc927732f","'http://www.shixiplus.com#rd'","实习风向标 | 百度、去哪儿校招大爆料","实习风向标 | 百度、去哪儿校招大爆料","http://mp.weixin.qq.com/mp/qrcode?scene=10000001&size=102&__biz=MzA4ODU4NzgyNw==","2015-08-19","N","加号君"
"七月算法","http://mp.weixin.qq.com/s?__biz=MzA4ODU4NzgyNw==&mid=207879813&idx=3&sn=ae11d380a9c972e7d6ae78276ce90474&3rd=MzA3MDU4NTYzMw==&scene=6#rd","http://img01.store.sogou.com/net/a/04/link?appid=100520031&url=http://mmbiz.qpic.cn/mmbiz/gZvWamwBztWl0PpibibLeDIcDAzbhWbdrPhcKaYqUQmJccmAUFUy8bh0WAl3V1nibOajiauciabPg1zHOf2WHicye2hg/0?wx_fmt=jpeg","gh_452bc927732f","'http://www.shixiplus.com#rd'","实习风向标 | 百度、去哪儿校招大爆料","实习风向标 | 百度、去哪儿校招大爆料","http://mp.weixin.qq.com/mp/qrcode?scene=10000001&size=102&__biz=MzA4ODU4NzgyNw==","2015-08-19","N","加号君"
"面包课堂","http://mp.weixin.qq.com/s?__biz=MzAxNDE2ODQxOQ==&mid=209578271&idx=4&sn=3c5a920ece3d982d3e395e97772c729c&3rd=MzA3MDU4NTYzMw==&scene=6#rd","http://img01.store.sogou.com/net/a/04/link?appid=100520031&url=http://mmbiz.qpic.cn/mmbiz/icVOibgVS4VqYopE3b2jics1pFP0Hj9LM50cOeSIPRPP4cKOqdEvntjWLLoZCnAWcxdYZKPZnib7JXSUtaIhJVnb4Q/0?wx_fmt=jpeg","gh_c847d0c40073","''","苏宁2016校招提前批通道开启","苏宁2016校招提前批通道开启","http://mp.weixin.qq.com/mp/qrcode?scene=10000001&size=102&__biz=MzAxNDE2ODQxOQ==","2015-08-19","N","无作者"
"校园招聘","http://mp.weixin.qq.com/s?__biz=MzA5MDEwMTMxMA==&mid=214971856&idx=3&sn=116f55303f5716b95b4f2b3fc6660e39&3rd=MzA3MDU4NTYzMw==&scene=6#rd","http://img01.store.sogou.com/net/a/04/link?appid=100520031&url=http://mmbiz.qpic.cn/mmbiz/N8095KdSbOXTiaiajpa1ibLh74ia5juY1p2ZdYrxk44Hic6ILhTulxsb4Kv3dERbAmGvB7Ol7GJZNbhh0U9ty3CQBRA/0?wx_fmt=jpeg","gh_10c1fd989854","'http://www.aiweibang.com/m/w/gh_10c1fd989854#rd'","银行2016校招年校招几时开始","银行2016校招年校招几时开始","http://mp.weixin.qq.com/mp/qrcode?scene=10000001&size=102&__biz=MzA5MDEwMTMxMA==","2015-08-18","N","无作者"
"金融小伙伴","http://mp.weixin.qq.com/s?__biz=MzA5MDczMTMxMw==&mid=208268143&idx=4&sn=a07e6657d5c61949d588b1176a0940d3&3rd=MzA3MDU4NTYzMw==&scene=6#rd","http://img01.store.sogou.com/net/a/04/link?appid=100520031&url=http://mmbiz.qpic.cn/mmbiz/3psma8mM7rabBOPzOvGia34J9sNl6p7syGIibvKchPm8OchUB87FLRqqKJ7NlhlUoSfclicpMiaX1ErF0ZoIZL6ymA/0?wx_fmt=jpeg","gh_359d2f411617","'http://www.aiweibang.com/m/w/gh_359d2f411617#rd'","【微信讲座】四大校招“网申笔试面试”那些事","【微信讲座】四大校招“网申笔试面试”那些事","http://mp.weixin.qq.com/mp/qrcode?scene=10000001&size=102&__biz=MzA5MDczMTMxMw==","2015-08-19","N","无作者"
"CareerFrog","http://mp.weixin.qq.com/s?__biz=MzA5MDczMTMxMw==&mid=208268143&idx=4&sn=a07e6657d5c61949d588b1176a0940d3&3rd=MzA3MDU4NTYzMw==&scene=6#rd","http://img01.store.sogou.com/net/a/04/link?appid=100520031&url=http://mmbiz.qpic.cn/mmbiz/ayrhZVtzMhtcZOW8lJIxuU1Nu6LTbQllTZBjibchDXD5VBbQz9GZOAy105UAt3Y5QV0Fz1F53HfxuECX6XQfoqA/0?wx_fmt=jpeg","gh_359d2f411617","'http://www.aiweibang.com/m/w/gh_359d2f411617#rd'","【微信讲座】四大校招“网申笔试面试”那些事","【微信讲座】四大校招“网申笔试面试”那些事","http://mp.weixin.qq.com/mp/qrcode?scene=10000001&size=102&__biz=MzA5MDczMTMxMw==","2015-08-19","N","无作者"
"物院求职","http://mp.weixin.qq.com/s?__biz=MjM5MTAwNTIyMA==&mid=208872266&idx=1&sn=097b0edeb4f8e4bffe1685eefa47ce78&3rd=MzA3MDU4NTYzMw==&scene=6#rd","http://img01.store.sogou.com/net/a/04/link?appid=100520031&url=http://mmbiz.qpic.cn/mmbiz/IlTtib74iaXYtwZUiag22JaDcAYbibkMVIuEDY1KmJQJye9gZicN3F0Q9oYKz1lcXzfoicRDf8B4F2qiaY9Tny5YPnM9Q/0?wx_fmt=jpeg","gh_09b4ba2bd84c","'http://www.careerfrog.com.cn/jobsolution/#rd'","一大波校招即将来袭，简历准备好了吗？","一大波校招即将来袭，简历准备好了吗？","http://mp.weixin.qq.com/mp/qrcode?scene=10000001&size=102&__biz=MjM5MTAwNTIyMA==","2015-08-18","N","CF小天使"
"实习小助手","http://mp.weixin.qq.com/s?__biz=MjM5MTAwNTIyMA==&mid=208872266&idx=1&sn=097b0edeb4f8e4bffe1685eefa47ce78&3rd=MzA3MDU4NTYzMw==&scene=6#rd","http://img01.store.sogou.com/net/a/04/link?appid=100520031&url=http://mmbiz.qpic.cn/mmbiz/Q3EXOw0g19DKRn93icJnKZTeCKGbGvSB6ibVP6e39tdsic6MnfGhhkcBibJZTz4jRTCN7dZQicJcPTsU6ww6SIAl1dw/0?wx_fmt=jpeg","gh_09b4ba2bd84c","'http://www.careerfrog.com.cn/jobsolution/#rd'","一大波校招即将来袭，简历准备好了吗？","一大波校招即将来袭，简历准备好了吗？","http://mp.weixin.qq.com/mp/qrcode?scene=10000001&size=102&__biz=MjM5MTAwNTIyMA==","2015-08-18","N","CF小天使"
"赢鼎高考报考咨询中心阳泉分部","http://mp.weixin.qq.com/s?__biz=MzAxMzAxMTY5MA==&mid=208603981&idx=2&sn=3d51f16da5b9d6afca92d7a588a786fc&3rd=MzA3MDU4NTYzMw==&scene=6#rd","http://img01.store.sogou.com/net/a/04/link?appid=100520031&url=http://mmbiz.qpic.cn/mmbiz/qcicRC7yKU4Z5fm3QejuXW76oIFHWmibZBSZc3GeVUZWkRVnG1SVXOEOjSoNS0qPVgy2vN7hVY7U7JGD0u8fj37w/0?wx_fmt=jpeg","gh_00d5bedbd17e","''","京东招聘校招宣传实习生","京东招聘校招宣传实习生","http://mp.weixin.qq.com/mp/qrcode?scene=10000001&size=102&__biz=MzAxMzAxMTY5MA==","2015-08-19","N","无作者"
"浙江乐叶光伏","http://mp.weixin.qq.com/s?__biz=MzAxMzAxMTY5MA==&mid=208603981&idx=2&sn=3d51f16da5b9d6afca92d7a588a786fc&3rd=MzA3MDU4NTYzMw==&scene=6#rd","http://img01.store.sogou.com/net/a/04/link?appid=100520031&url=http://mmbiz.qpic.cn/mmbiz/fWoNaOkaIG1APxolNsg3785OfOnxsZ1gdJW7Bg6iaq4vAFbia0uSdZz3GichZeobO3CrAehRRsTdAS1o4LvAWYcGw/0?wx_fmt=jpeg","gh_00d5bedbd17e","''","京东招聘校招宣传实习生","京东招聘校招宣传实习生","http://mp.weixin.qq.com/mp/qrcode?scene=10000001&size=102&__biz=MzAxMzAxMTY5MA==","2015-08-19","N","无作者"
"Careers求职驿站","http://mp.weixin.qq.com/s?__biz=MzA5MzA1Nzg3OA==&mid=209605752&idx=5&sn=f0ecf046d5a97813aeabec72f0386395&3rd=MzA3MDU4NTYzMw==&scene=6#rd","http://img01.store.sogou.com/net/a/04/link?appid=100520031&url=http://mmbiz.qpic.cn/mmbiz/W1rRwsYWUufnvwc67UbRbmiboY9HwWARribjT20h4wn0iahOR0gI0GHB5y5V0RjmT0T3Eic5p6VUYpHLibSUtoCT5hw/0?wx_fmt=jpeg","gh_2ecc683acb52","''","2016德州仪器(TI)校招来袭","2016德州仪器(TI)校招来袭","http://mp.weixin.qq.com/mp/qrcode?scene=10000001&size=102&__biz=MzA5MzA1Nzg3OA==","2015-08-19","N","志学师兄"
"第一学期","http://mp.weixin.qq.com/s?__biz=MzAwNzYyNjUxMA==&mid=207769180&idx=1&sn=d84e61ea56d8e346ba74af3f762287b9&3rd=MzA3MDU4NTYzMw==&scene=6#rd","http://img01.store.sogou.com/net/a/04/link?appid=100520031&url=http://mmbiz.qpic.cn/mmbiz/DcNxJjOB8Yk1XGKbWoMGxCnBGS3cIOMaX6Mib9Ogh7E6QeszWPDkoP0syapHMZFIfSk1TlD02qcgn9asHx4bYAQ/0?wx_fmt=jpeg","gh_29c31fcdecde","''","互联网面经|2014产品校招经验分享：阿里、腾讯、百度、360","互联网面经|2014产品校招经验分享：阿里、腾讯、百度、360","http://mp.weixin.qq.com/mp/qrcode?scene=10000001&size=102&__biz=MzAwNzYyNjUxMA==","2015-08-19","N","无作者"
"第一学期","http://mp.weixin.qq.com/s?__biz=MzAwNzYyNjUxMA==&mid=207769180&idx=2&sn=46876b709998fbd36ee75300ed68b413&3rd=MzA3MDU4NTYzMw==&scene=6#rd","http://img01.store.sogou.com/net/a/04/link?appid=100520031&url=http://mmbiz.qpic.cn/mmbiz/DcNxJjOB8Yk1XGKbWoMGxCnBGS3cIOMaCESp30wH3SFGfB0BotQRpdtdnEt3GAoRicvcia0D8hkWTQPIWiatDxnfw/0?wx_fmt=jpeg","gh_29c31fcdecde","''","2016校园招聘|还想放暑假？<U+FEFF>百度、腾讯、乐视、网易、新浪、联想、华为的校招都开始了！！！","2016校园招聘|还想放暑假？<U+FEFF>百度、腾讯、乐视、网易、新浪、联想、华为的校招都开始了！！！","http://mp.weixin.qq.com/mp/qrcode?scene=10000001&size=102&__biz=MzAwNzYyNjUxMA==","2015-08-19","N","无作者"
"IDOR","http://mp.weixin.qq.com/s?__biz=MzAwNzYyNjUxMA==&mid=207769180&idx=2&sn=46876b709998fbd36ee75300ed68b413&3rd=MzA3MDU4NTYzMw==&scene=6#rd","http://img01.store.sogou.com/net/a/04/link?appid=100520031&url=http://mmbiz.qpic.cn/mmbiz/L6AHrfIxVdaOPB9LD0LRt70vVAyRXEHNN5qKNeWrD7bppwKGzg6mPPVVEhVy3BzkKtYiaw9OTXziciaIa9bPT4U1g/0?wx_fmt=jpeg","gh_29c31fcdecde","''","2016校园招聘|还想放暑假？<U+FEFF>百度、腾讯、乐视、网易、新浪、联想、华为的校招都开始了！！！","2016校园招聘|还想放暑假？<U+FEFF>百度、腾讯、乐视、网易、新浪、联想、华为的校招都开始了！！！","http://mp.weixin.qq.com/mp/qrcode?scene=10000001&size=102&__biz=MzAwNzYyNjUxMA==","2015-08-19","N","无作者"
"bibibi校园招聘","http://mp.weixin.qq.com/s?__biz=MjM5ODY4NDY1OQ==&mid=209780472&idx=1&sn=a4d17ceab315ffbf2594204476748b9b&3rd=MzA3MDU4NTYzMw==&scene=6#rd","http://img01.store.sogou.com/net/a/04/link?appid=100520031&url=http://mmbiz.qpic.cn/mmbiz/wuSDKhJfXRyD2s65zFv6cLBthhgnicEDhlJkoLmGqSOHh5kiauQM6NVqpTFOfXtZEcTFzYhia1ia53jnZDJL68fa1g/0?wx_fmt=jpeg","gh_f3c94f19e91b","''","【实习】名企最新校招信息汇总，2016毕业生看过来","【实习】名企最新校招信息汇总，2016毕业生看过来","http://mp.weixin.qq.com/mp/qrcode?scene=10000001&size=102&__biz=MjM5ODY4NDY1OQ==","2015-08-18","N","无作者"
"bibibi校园招聘","http://mp.weixin.qq.com/s?__biz=MjM5ODY4NDY1OQ==&mid=209780472&idx=1&sn=a4d17ceab315ffbf2594204476748b9b&3rd=MzA3MDU4NTYzMw==&scene=6#rd","http://img01.store.sogou.com/net/a/04/link?appid=100520031&url=http://mmbiz.qpic.cn/mmbiz/wuSDKhJfXRyD2s65zFv6cLBthhgnicEDhibPrur0ictjrA91YBmUpmhghcibzlbHd5IMyxUWvtw5XyWWxGmAD8iaaXQ/0?wx_fmt=jpeg","gh_f3c94f19e91b","''","【实习】名企最新校招信息汇总，2016毕业生看过来","【实习】名企最新校招信息汇总，2016毕业生看过来","http://mp.weixin.qq.com/mp/qrcode?scene=10000001&size=102&__biz=MjM5ODY4NDY1OQ==","2015-08-18","N","无作者"
"bibibi校园招聘","http://mp.weixin.qq.com/s?__biz=MzIwMDIyODgzMw==&mid=208265475&idx=2&sn=656240d38e3415659f1c874c4d90d700&3rd=MzA3MDU4NTYzMw==&scene=6#rd","http://img01.store.sogou.com/net/a/04/link?appid=100520031&url=http://mmbiz.qpic.cn/mmbiz/wuSDKhJfXRyD2s65zFv6cLBthhgnicEDhLfic9s5oyiaaybPlUkHRBOOicw98ibHT2OiceuqSf8IkfnmptIeHb5GgIjg/0?wx_fmt=jpeg","gh_8a9b366ab3aa","''","2016年名企校招时间表大揭秘第二弹  发射！！！","2016年名企校招时间表大揭秘第二弹  发射！！！","http://mp.weixin.qq.com/mp/qrcode?scene=10000001&size=102&__biz=MzIwMDIyODgzMw==","2015-08-19","N","Sev3n"
"bibibi校园招聘","http://mp.weixin.qq.com/s?__biz=MzIwMDIyODgzMw==&mid=208265475&idx=2&sn=656240d38e3415659f1c874c4d90d700&3rd=MzA3MDU4NTYzMw==&scene=6#rd","http://img01.store.sogou.com/net/a/04/link?appid=100520031&url=http://mmbiz.qpic.cn/mmbiz/wuSDKhJfXRyD2s65zFv6cLBthhgnicEDh8hwl7mc1RejdreiaoMos8M9pzngx2fKsDyLsdIcT9xv5ygScNo8MnQQ/0?wx_fmt=jpeg","gh_8a9b366ab3aa","''","2016年名企校招时间表大揭秘第二弹  发射！！！","2016年名企校招时间表大揭秘第二弹  发射！！！","http://mp.weixin.qq.com/mp/qrcode?scene=10000001&size=102&__biz=MzIwMDIyODgzMw==","2015-08-19","N","Sev3n"
"bibibi校园招聘","http://mp.weixin.qq.com/s?__biz=MzIwMDIyODgzMw==&mid=208265475&idx=1&sn=710527debb29f201b68257dfb50ceba7&3rd=MzA3MDU4NTYzMw==&scene=6#rd","http://img01.store.sogou.com/net/a/04/link?appid=100520031&url=http://mmbiz.qpic.cn/mmbiz/wuSDKhJfXRyD2s65zFv6cLBthhgnicEDh0vbCo73diaM3OMqRsZjhxdicspibJBu7wzLUicWfbEfQTdW7b8ics15vzyw/0?wx_fmt=jpeg","gh_8a9b366ab3aa","''","2016年名企校招时间表第一弹 发射！！！","2016年名企校招时间表第一弹 发射！！！","http://mp.weixin.qq.com/mp/qrcode?scene=10000001&size=102&__biz=MzIwMDIyODgzMw==","2015-08-19","N","Sev3n"
"bibibi校园招聘","http://mp.weixin.qq.com/s?__biz=MzIwMDIyODgzMw==&mid=208265475&idx=1&sn=710527debb29f201b68257dfb50ceba7&3rd=MzA3MDU4NTYzMw==&scene=6#rd","http://img01.store.sogou.com/net/a/04/link?appid=100520031&url=http://mmbiz.qpic.cn/mmbiz/wuSDKhJfXRyD2s65zFv6cLBthhgnicEDhltUWzxVK4sHa3UR5sj6ISSfHn3ub2kJ9nnpdh6nLxHta6Rydia4N9jQ/0?wx_fmt=jpeg","gh_8a9b366ab3aa","''","2016年名企校招时间表第一弹 发射！！！","2016年名企校招时间表第一弹 发射！！！","http://mp.weixin.qq.com/mp/qrcode?scene=10000001&size=102&__biz=MzIwMDIyODgzMw==","2015-08-19","N","Sev3n"
"旺易商城","http://mp.weixin.qq.com/s?__biz=MzIwMDIyODgzMw==&mid=208265475&idx=5&sn=30ec853c30215bc7180b7bc23876cfe5&3rd=MzA3MDU4NTYzMw==&scene=6#rd","http://img01.store.sogou.com/net/a/04/link?appid=100520031&url=http://mmbiz.qpic.cn/mmbiz/ibhdrGkYmLjibjhLmTibnOMBjIg4YQWCsvUOkUD3WN2or6NS5A9ZtPA2WbaiaqIE0KfaUwpgsmSa7ibZsVciaAr6WtNA/0?wx_fmt=jpeg","gh_8a9b366ab3aa","''","2016年名企校招时间表大揭秘第五弹   发射！！！","2016年名企校招时间表大揭秘第五弹   发射！！！","http://mp.weixin.qq.com/mp/qrcode?scene=10000001&size=102&__biz=MzIwMDIyODgzMw==","2015-08-19","N","无作者"
"掌上大学","http://mp.weixin.qq.com/s?__biz=MzA3NTAyMzc1NQ==&mid=207723583&idx=1&sn=1f28fc293aa02faaa9f0bbd225bd8da8&3rd=MzA3MDU4NTYzMw==&scene=6#rd","http://img01.store.sogou.com/net/a/04/link?appid=100520031&url=http://mmbiz.qpic.cn/mmbiz/pFS1NgnkIO7ma5Z3XuIF8Z09eSGMJibPnZ2Gic4JXU1r98GsV5R1aIzSKUKGt62HNGAF6AHERicrKgpg2zNjnuIDw/0?wx_fmt=jpeg","gh_f7d1afd1e1d9","'http://mp.weixin.qq.com/s?__biz=MzA3NTAyMzc1NQ==&mid=207711371&idx=1&sn=ab0f71c81ee7189849e0e5e661e5e468#rd'","2016年名企校招时间表出炉","2016年名企校招时间表出炉","http://mp.weixin.qq.com/mp/qrcode?scene=10000001&size=102&__biz=MzA3NTAyMzc1NQ==","2015-08-19","N","无作者"
"奇骥校园","http://mp.weixin.qq.com/s?__biz=MzAwNjY3NDY0Mw==&mid=209189742&idx=3&sn=72a7c367e4421ab32bdc079f0a718fbc&3rd=MzA3MDU4NTYzMw==&scene=6#rd","http://img01.store.sogou.com/net/a/04/link?appid=100520031&url=http://mmbiz.qpic.cn/mmbiz/icgjvicJs8OicTnfBObQ2wBcFibhAtfS4AXdezwFJpl7pk8P7ibJ0twTg7s4EvRVRtn2tYtG5f7ZEiaYKWB0MT9HFfvA/0?wx_fmt=jpeg","gh_8e7e86c1fcee","","校招｜去哪儿网校园招聘开始啦","校招｜去哪儿网校园招聘开始啦","http://mp.weixin.qq.com/mp/qrcode?scene=10000001&size=102&__biz=MzAwNjY3NDY0Mw==","2015-08-19","N","无作者"
"壹校园","http://mp.weixin.qq.com/s?__biz=MzAwNjY3NDY0Mw==&mid=209189742&idx=3&sn=72a7c367e4421ab32bdc079f0a718fbc&3rd=MzA3MDU4NTYzMw==&scene=6#rd","http://img01.store.sogou.com/net/a/04/link?appid=100520031&url=http://mmbiz.qpic.cn/mmbiz/YvgtBlLKSbRvNsY8mrYXkZnG751gib53yqBKC9icSiaadtibjwnXVhNSW0icFYicfaXA2kconIoJsGCqmE5wicSOzLZPA/0?wx_fmt=jpeg","gh_8e7e86c1fcee","","校招｜去哪儿网校园招聘开始啦","校招｜去哪儿网校园招聘开始啦","http://mp.weixin.qq.com/mp/qrcode?scene=10000001&size=102&__biz=MzAwNjY3NDY0Mw==","2015-08-19","N","无作者"
"第1站","http://mp.weixin.qq.com/s?__biz=MzA5MTc4NDY3Mg==&mid=209648578&idx=4&sn=341ea8b3c1c14af47d42c432280e8bd1&3rd=MzA3MDU4NTYzMw==&scene=6#rd","http://img01.store.sogou.com/net/a/04/link?appid=100520031&url=http://mmbiz.qpic.cn/mmbiz/CXhhylZDcvibmiaFaj30NOtYQJKiabHJy6WJ3PGq6mlTaFKA6NMUHUsr3JywI78nA7Bia3ic85DycEax26MQkFdMxvA/0?wx_fmt=jpeg","gh_91668e36e8a9","''","【8.19】壹校招实习推荐 | 碧桂园、中国人寿、小米、百度等/超全集合/","【8.19】壹校招实习推荐 | 碧桂园、中国人寿、小米、百度等/超全集合/","http://mp.weixin.qq.com/mp/qrcode?scene=10000001&size=102&__biz=MzA5MTc4NDY3Mg==","2015-08-19","N","无作者"
"第1站","http://mp.weixin.qq.com/s?__biz=MzA5MTc4NDY3Mg==&mid=209648578&idx=4&sn=341ea8b3c1c14af47d42c432280e8bd1&3rd=MzA3MDU4NTYzMw==&scene=6#rd","http://img01.store.sogou.com/net/a/04/link?appid=100520031&url=http://mmbiz.qpic.cn/mmbiz/CXhhylZDcvibmiaFaj30NOtYQJKiabHJy6Wic4bOOl730GJEyXPMLRq3RbEtJjCAqkj9gGn9oUGB5iaPzib5hlXxHo1Q/0?wx_fmt=jpeg","gh_91668e36e8a9","''","【8.19】壹校招实习推荐 | 碧桂园、中国人寿、小米、百度等/超全集合/","【8.19】壹校招实习推荐 | 碧桂园、中国人寿、小米、百度等/超全集合/","http://mp.weixin.qq.com/mp/qrcode?scene=10000001&size=102&__biz=MzA5MTc4NDY3Mg==","2015-08-19","N","无作者"
"第1站","http://mp.weixin.qq.com/s?__biz=MzI1NjAwMzY4Nw==&mid=207927337&idx=1&sn=128e521eb1e903f95e8b9d63e3a75631&3rd=MzA3MDU4NTYzMw==&scene=6#rd","http://img01.store.sogou.com/net/a/04/link?appid=100520031&url=http://mmbiz.qpic.cn/mmbiz/CXhhylZDcvibmiaFaj30NOtYQJKiabHJy6W26ibMJzNZUOGl2DJoWkibXF343ZRCH0mlvia3aJY2Sx2LkovccibXYOc6w/0?wx_fmt=jpeg","gh_82466b115539","''","前四大会计事务所HR：四大会录取怎样的学生？ | 名企校招分享","前四大会计事务所HR：四大会录取怎样的学生？ | 名企校招分享","http://mp.weixin.qq.com/mp/qrcode?scene=10000001&size=102&__biz=MzI1NjAwMzY4Nw==","2015-08-19","N","无作者"
"ToCareer职途","http://mp.weixin.qq.com/s?__biz=MzI1NjAwMzY4Nw==&mid=207927337&idx=1&sn=128e521eb1e903f95e8b9d63e3a75631&3rd=MzA3MDU4NTYzMw==&scene=6#rd","http://img01.store.sogou.com/net/a/04/link?appid=100520031&url=http://mmbiz.qpic.cn/mmbiz/lGaUSP0AFCBq6cGicC9HiboxicAAkkibSLb9UgB3yYJDJLia1yOFDiavPrcmeqWeZWFRrDDwdibRvEqVysfJGNNWmIkow/0?wx_fmt=jpeg","gh_82466b115539","''","前四大会计事务所HR：四大会录取怎样的学生？ | 名企校招分享","前四大会计事务所HR：四大会录取怎样的学生？ | 名企校招分享","http://mp.weixin.qq.com/mp/qrcode?scene=10000001&size=102&__biz=MzI1NjAwMzY4Nw==","2015-08-19","N","无作者"
"产品经理在东北","http://mp.weixin.qq.com/s?__biz=MzI1NjAwMzY4Nw==&mid=207927337&idx=4&sn=0f3fdf34b45fa8d0657bedbf9bd783a7&3rd=MzA3MDU4NTYzMw==&scene=6#rd","http://img01.store.sogou.com/net/a/04/link?appid=100520031&url=http://mmbiz.qpic.cn/mmbiz/JUESMOrr0qgckayDiaFakc831AM9BSBdXvI8ibouicYcy9fiaHHJ9F0pibicYj1fU1sxv5qmN7EWkm4YJQwzkphs0Tiag/0?wx_fmt=jpeg","gh_82466b115539","''","校招 | 无所谓,有所为!―联想2016校园招聘启动","校招 | 无所谓,有所为!―联想2016校园招聘启动","http://mp.weixin.qq.com/mp/qrcode?scene=10000001&size=102&__biz=MzI1NjAwMzY4Nw==","2015-08-19","N","无作者"
"广州实习","http://mp.weixin.qq.com/s?__biz=MzI1NjAwMzY4Nw==&mid=207927337&idx=4&sn=0f3fdf34b45fa8d0657bedbf9bd783a7&3rd=MzA3MDU4NTYzMw==&scene=6#rd","http://img01.store.sogou.com/net/a/04/link?appid=100520031&url=http://mmbiz.qpic.cn/mmbiz/LWgHph9Jk4uhvnuC8kxnTR8xKtnTmV430y18n2U50EqZ1Kicjdo5UZb9GicDLfNvauSxrtKBiawZyoBfnUGicnfh6A/0?wx_fmt=jpeg","gh_82466b115539","''","校招 | 无所谓,有所为!―联想2016校园招聘启动","校招 | 无所谓,有所为!―联想2016校园招聘启动","http://mp.weixin.qq.com/mp/qrcode?scene=10000001&size=102&__biz=MzI1NjAwMzY4Nw==","2015-08-19","N","无作者"
"北京实习狗","http://mp.weixin.qq.com/s?__biz=MzI1NjAwMzY4Nw==&mid=207927337&idx=5&sn=df845664c07846a7dabde2cec1af8f76&3rd=MzA3MDU4NTYzMw==&scene=6#rd","http://img01.store.sogou.com/net/a/04/link?appid=100520031&url=http://mmbiz.qpic.cn/mmbiz/JgOAPSn0A9yrY9MOiaqCDrcPCmlBRhqiamQQtFias9VszdJnRhWHd0jHJbrYFBrm0jqwR6qZluIs6SviaEnIMTqNuA/0?wx_fmt=jpeg","gh_82466b115539","''","校招 | 乐港集团2016校园招聘正式启动","校招 | 乐港集团2016校园招聘正式启动","http://mp.weixin.qq.com/mp/qrcode?scene=10000001&size=102&__biz=MzI1NjAwMzY4Nw==","2015-08-19","N","无作者"
"小e的远方","http://mp.weixin.qq.com/s?__biz=MzIyMTA0Njk2Mg==&mid=210082245&idx=1&sn=13dd06640a50363891ca8d32a5507d9c&3rd=MzA3MDU4NTYzMw==&scene=6#rd","http://img01.store.sogou.com/net/a/04/link?appid=100520031&url=http://mmbiz.qpic.cn/mmbiz/ic83icicS96O8qy0GXvtHHjEZKbkEJrIpyfYuwzxwY9cqH3wOyNRszyiaePAZYH7zmsprfI0VwpXtRF7vvr5TjeyQA/0?wx_fmt=jpeg","gh_c3460437285c","''","BAT校招笔试面试攻略第一发","BAT校招笔试面试攻略第一发","http://mp.weixin.qq.com/mp/qrcode?scene=10000001&size=102&__biz=MzIyMTA0Njk2Mg==","2015-08-19","N","子不语"
"校招推荐","http://mp.weixin.qq.com/s?__biz=MzA4MjEzMTY1NQ==&mid=207664323&idx=4&sn=ee7333ad6d15aa6a883b06356d5fd57e&3rd=MzA3MDU4NTYzMw==&scene=6#rd","http://img01.store.sogou.com/net/a/04/link?appid=100520031&url=http://mmbiz.qpic.cn/mmbiz/hgmoqRRibHibPe25MLs43PcH4GD0ic3a85IXGr7JeP1WpWNAFKM029phUnZnFCDzUKrR9eJ73DNx3bnMsqhXOibOxA/0?wx_fmt=jpeg","gh_50da111bb9b4","'http://lenovowx.tupu360.com/common/positionList?enter=menu&type=CAMPUSRECRUITMENT#rd'","【无所畏，有所为】2016联想校招全攻略","【无所畏，有所为】2016联想校招全攻略","http://mp.weixin.qq.com/mp/qrcode?scene=10000001&size=102&__biz=MzA4MjEzMTY1NQ==","2015-08-19","N","Chris"
"校招推荐","http://mp.weixin.qq.com/s?__biz=MzA4MjEzMTY1NQ==&mid=207664323&idx=4&sn=ee7333ad6d15aa6a883b06356d5fd57e&3rd=MzA3MDU4NTYzMw==&scene=6#rd","http://img01.store.sogou.com/net/a/04/link?appid=100520031&url=http://mmbiz.qpic.cn/mmbiz/hgmoqRRibHibPe25MLs43PcH4GD0ic3a85IXGr7JeP1WpWNAFKM029phUnZnFCDzUKrR9eJ73DNx3bnMsqhXOibOxA/0?wx_fmt=jpeg","gh_50da111bb9b4","'http://lenovowx.tupu360.com/common/positionList?enter=menu&type=CAMPUSRECRUITMENT#rd'","【无所畏，有所为】2016联想校招全攻略","【无所畏，有所为】2016联想校招全攻略","http://mp.weixin.qq.com/mp/qrcode?scene=10000001&size=102&__biz=MzA4MjEzMTY1NQ==","2015-08-19","N","Chris"
"上海实习僧","http://mp.weixin.qq.com/s?__biz=MzA4MjEzMTY1NQ==&mid=207664323&idx=2&sn=9d4c2840ed0e882bb0170ebf148b6dfa&3rd=MzA3MDU4NTYzMw==&scene=6#rd","http://img01.store.sogou.com/net/a/04/link?appid=100520031&url=http://mmbiz.qpic.cn/mmbiz/6zNib5mhV3b8LicuWo6MxtgibDZI0bp7fc0KXAJuvFF8bHwxem5Qgq2ibyibrUekwtrxByLp7keiaOCaZmB2vtYGvojQ/0?wx_fmt=jpeg","gh_50da111bb9b4","''","【微讲座实录】今晚CVTE线上讲座实录#CVTE校招主宣讲人#","【微讲座实录】今晚CVTE线上讲座实录#CVTE校招主宣讲人#","http://mp.weixin.qq.com/mp/qrcode?scene=10000001&size=102&__biz=MzA4MjEzMTY1NQ==","2015-08-19","N","Chris"
"风情如你","http://mp.weixin.qq.com/s?__biz=MzA4MjEzMTY1NQ==&mid=207664323&idx=2&sn=9d4c2840ed0e882bb0170ebf148b6dfa&3rd=MzA3MDU4NTYzMw==&scene=6#rd","http://img01.store.sogou.com/net/a/04/link?appid=100520031&url=http://mmbiz.qpic.cn/mmbiz/mfErqCCiacJO18o123kNWSm2z4wY7oUpNYWAFH1aZicgpFLrt9dWe92z5wricicTEAft9hVWCFeia1g7QriaXNYhuH6A/0?wx_fmt=jpeg","gh_50da111bb9b4","''","【微讲座实录】今晚CVTE线上讲座实录#CVTE校招主宣讲人#","【微讲座实录】今晚CVTE线上讲座实录#CVTE校招主宣讲人#","http://mp.weixin.qq.com/mp/qrcode?scene=10000001&size=102&__biz=MzA4MjEzMTY1NQ==","2015-08-19","N","Chris"
"第一校园","http://mp.weixin.qq.com/s?__biz=MzA3ODE4OTk1MQ==&mid=206817828&idx=3&sn=a8a661f5ce6d88d533c42f3c5940d7f9&3rd=MzA3MDU4NTYzMw==&scene=6#rd","http://img01.store.sogou.com/net/a/04/link?appid=100520031&url=http://mmbiz.qpic.cn/mmbiz/BWvJmQTd0ajxlg5HaTSDsPo7M0p5SXjncAJgffo5eLjSnJT2MtThPDEXyC6hX4jmeMa3xvibTic50rCxfUQYBT1g/0?wx_fmt=jpeg","gh_40bc3f15510e","'http://m.shixiseng.com/#rd'","【上海实习】四大会计事务所2016年校招即将来袭！","【上海实习】四大会计事务所2016年校招即将来袭！","http://mp.weixin.qq.com/mp/qrcode?scene=10000001&size=102&__biz=MzA3ODE4OTk1MQ==","2015-08-19","N","无作者"
"益家","http://mp.weixin.qq.com/s?__biz=MzA3ODE4OTk1MQ==&mid=206817828&idx=3&sn=a8a661f5ce6d88d533c42f3c5940d7f9&3rd=MzA3MDU4NTYzMw==&scene=6#rd","http://img01.store.sogou.com/net/a/04/link?appid=100520031&url=http://mmbiz.qpic.cn/mmbiz/4S4GSmsPiaFjsUEv05MEWJQ3TGsTe4dyrGtvJRYbLbdkMC4XSkcFstxVzicqNmHibvbMcOTsR5djDvGXibpbr6zp6A/0?wx_fmt=jpeg","gh_40bc3f15510e","'http://m.shixiseng.com/#rd'","【上海实习】四大会计事务所2016年校招即将来袭！","【上海实习】四大会计事务所2016年校招即将来袭！","http://mp.weixin.qq.com/mp/qrcode?scene=10000001&size=102&__biz=MzA3ODE4OTk1MQ==","2015-08-19","N","无作者"
"西安实习吧","http://mp.weixin.qq.com/s?__biz=MzAwNzY4NDcyNw==&mid=213536405&idx=2&sn=a6dc07cad7a01371de87922e7627c6da&3rd=MzA3MDU4NTYzMw==&scene=6#rd","http://img01.store.sogou.com/net/a/04/link?appid=100520031&url=http://mmbiz.qpic.cn/mmbiz/ibcse67uNalTLedk6nibuPicz6iabEM186iciaxuQbfEZy6orGjpH0MohcblvXyAAqfLicNnlOvXnHewfbyOD8zh55UNQ/0?wx_fmt=jpeg","gh_5df488f3a963","''","【风情解读】枯藤老树昏鸦，华为把我闪瞎――校招季深扒华为","【风情解读】枯藤老树昏鸦，华为把我闪瞎――校招季深扒华为","http://mp.weixin.qq.com/mp/qrcode?scene=10000001&size=102&__biz=MzAwNzY4NDcyNw==","2015-08-19","N","无作者"
"戴尔中国招聘","http://mp.weixin.qq.com/s?__biz=MzAwNzY4NDcyNw==&mid=213536405&idx=2&sn=a6dc07cad7a01371de87922e7627c6da&3rd=MzA3MDU4NTYzMw==&scene=6#rd","http://img01.store.sogou.com/net/a/04/link?appid=100520031&url=http://mmbiz.qpic.cn/mmbiz/libFcHcYSZgfhSwBoic0DB9ZWwIrCccYPRe0bN6W3UUTd7iblkibcbwY75ESz3Ddicex3wdiazIV6kc4cN0PWOVrdSDQ/0?wx_fmt=jpeg","gh_5df488f3a963","''","【风情解读】枯藤老树昏鸦，华为把我闪瞎――校招季深扒华为","【风情解读】枯藤老树昏鸦，华为把我闪瞎――校招季深扒华为","http://mp.weixin.qq.com/mp/qrcode?scene=10000001&size=102&__biz=MzAwNzY4NDcyNw==","2015-08-19","N","无作者"
"广州明朝招聘","http://mp.weixin.qq.com/s?__biz=MzIwMzAyMTQzNg==&mid=209635660&idx=3&sn=67f94e85172927283161ef417f3f75df&3rd=MzA3MDU4NTYzMw==&scene=6#rd","http://img01.store.sogou.com/net/a/04/link?appid=100520031&url=http://mmbiz.qpic.cn/mmbiz/Y29cD1BpWmHjv8YuZdJ0tROb1nje2V7XlKegl3088xFvSYtV9jutplEQXTW3Z6lArGnT0hFQAzia44FHEibNCLtg/0?wx_fmt=jpeg","gh_ca6a4472e746","'http://weixin.nbcb.com.cn/mercury/com.nbcb.mercury.nbcbqy.recommend.GWLB.flow?userID=a1472032a9f0b764&from=timeline&isappinstalled=0#rd'","内推 | 宁波银行2016校招内推专属通道","内推 | 宁波银行2016校招内推专属通道","http://mp.weixin.qq.com/mp/qrcode?scene=10000001&size=102&__biz=MzIwMzAyMTQzNg==","2015-08-19","N","无作者"
